Order_ID,Order_Date,Customer_ID,Product_ID,Quantity,Sales,Profit
O0001,22-02-2024,C088,P008,2,18788,3879.37
O0002,30-05-2024,C056,P013,5,44365,10406.6
O0003,16-04-2024,C071,P009,4,219748,29327.16
O0004,31-05-2024,C084,P011,1,55695,4713.73
O0005,09-06-2024,C093,P020,3,34026,5324.17
O0006,03-11-2024,C052,P003,1,8626,2029.5
O0007,12-11-2024,C059,P004,3,75477,8799.32
O0008,12-05-2024,C100,P018,4,33448,6439.14
O0009,06-05-2024,C024,P018,2,16724,2211.66
O0010,17-08-2024,C047,P003,3,25878,2463.6
O0011,18-07-2024,C012,P019,3,72708,17444.46
O0012,23-10-2024,C040,P002,3,33468,3740.32
O0013,09-11-2024,C039,P008,3,28182,2738.19
O0014,11-01-2024,C075,P020,1,11342,1379.94
O0015,06-02-2024,C032,P013,1,8873,1114.19
O0016,28-05-2024,C094,P003,1,8626,1621.82
O0017,19-03-2024,C097,P012,4,24100,3848.81
O0018,06-12-2024,C013,P017,3,76824,7152.94
O0019,12-06-2024,C023,P006,2,13494,3338.85
O0020,04-11-2024,C040,P004,5,125795,27913.55
O0021,17-01-2024,C038,P005,2,111900,11647.19
O0022,10-10-2024,C100,P011,5,278475,60333.16
O0023,02-10-2024,C096,P007,2,14310,1872
O0024,02-02-2024,C021,P002,2,22312,2743.03
O0025,04-10-2024,C088,P015,4,44940,7791.51
O0026,22-06-2024,C057,P018,4,33448,2737.63
O0027,26-11-2024,C022,P009,4,219748,18491.67
O0028,30-06-2024,C054,P019,1,24236,2195.65
O0029,12-05-2024,C075,P005,5,279750,28330.82
O0030,09-11-2024,C036,P013,5,44365,6574.18
O0031,27-09-2024,C012,P008,4,37576,3053.84
O0032,23-11-2024,C041,P017,4,102432,24390.94
O0033,17-12-2024,C094,P008,2,18788,2502.7
O0034,08-11-2024,C062,P008,4,37576,5158.5
O0035,06-02-2024,C094,P009,2,109874,9690.18
O0036,14-04-2024,C098,P017,3,76824,8228.58
O0037,09-07-2024,C040,P010,3,18660,4185.97
O0038,04-03-2024,C022,P015,5,56175,5305.47
O0039,20-03-2024,C078,P017,5,128040,18453.59
O0040,27-01-2024,C033,P014,2,108374,26019.28
O0041,25-03-2024,C064,P013,3,26619,3867.1
O0042,10-05-2024,C070,P002,5,55780,13766.93
O0043,12-02-2024,C081,P004,3,75477,15493.49
O0044,03-05-2024,C018,P020,1,11342,1765.5
O0045,15-06-2024,C049,P014,4,216748,23410.57
O0046,18-04-2024,C057,P005,5,279750,65604.29
O0047,01-03-2024,C016,P014,5,270935,46272.79
O0048,13-10-2024,C085,P010,3,18660,2280.19
O0049,11-01-2024,C001,P007,5,35775,5530.51
O0050,15-04-2024,C004,P020,2,22684,5036
O0051,19-05-2024,C023,P010,2,12440,2142.14
O0052,16-08-2024,C040,P019,3,72708,16104.85
O0053,03-03-2024,C022,P018,3,25086,4100
O0054,14-04-2024,C099,P007,5,35775,8207.43
O0055,07-01-2024,C037,P004,1,25159,2517.72
O0056,10-07-2024,C070,P010,2,12440,1154.2
O0057,01-07-2024,C074,P010,4,24880,4118.03
O0058,14-08-2024,C098,P017,3,76824,6156.95
O0059,23-07-2024,C092,P015,3,33705,4442.85
O0060,12-07-2024,C044,P019,4,96944,9619.39
O0061,22-05-2024,C049,P007,5,35775,2885.57
O0062,24-08-2024,C082,P020,5,56710,6454.14
O0063,30-12-2024,C077,P017,4,102432,24519.25
O0064,28-09-2024,C040,P006,4,26988,5003.73
O0065,18-07-2024,C026,P012,5,30125,2428.02
O0066,14-11-2024,C075,P014,4,216748,29720.86
O0067,06-05-2024,C075,P003,4,34504,8553.46
O0068,18-11-2024,C082,P010,1,6220,927.96
O0069,07-02-2024,C020,P013,3,26619,5959.08
O0070,15-05-2024,C100,P020,1,11342,1581.15
O0071,24-08-2024,C091,P014,5,270935,35661.47
O0072,24-01-2024,C034,P016,2,108768,17338.43
O0073,04-08-2024,C035,P017,1,25608,5290.79
O0074,11-01-2024,C009,P012,1,6025,1154.77
O0075,24-07-2024,C022,P017,2,51216,10108.81
O0076,27-09-2024,C082,P009,5,274685,36189.35
O0077,08-02-2024,C027,P008,3,28182,3543.65
O0078,12-10-2024,C090,P017,3,76824,12257.21
O0079,11-10-2024,C095,P002,2,22312,2911.02
O0080,19-07-2024,C035,P012,5,30125,6198.93
O0081,12-05-2024,C072,P013,2,17746,2878.69
O0082,08-11-2024,C079,P011,2,111390,13811.3
O0083,14-11-2024,C091,P008,1,9394,2111.78
O0084,07-05-2024,C052,P011,4,222780,53162.23
O0085,25-03-2024,C035,P007,1,7155,1333.7
O0086,16-03-2024,C075,P015,5,56175,13214.31
O0087,11-03-2024,C078,P009,4,219748,37251.83
O0088,24-07-2024,C100,P005,4,223800,31642.02
O0089,05-06-2024,C031,P004,2,50318,10171.33
O0090,09-09-2024,C009,P004,2,50318,7421.47
O0091,01-11-2024,C013,P006,1,6747,603.24
O0092,27-09-2024,C003,P007,1,7155,1173.84
O0093,20-05-2024,C093,P020,4,45368,6270.55
O0094,23-07-2024,C016,P020,2,22684,2181.96
O0095,27-03-2024,C030,P016,4,217536,31377.83
O0096,23-10-2024,C030,P008,3,28182,4470.73
O0097,18-06-2024,C050,P007,4,28620,5768.05
O0098,10-02-2024,C064,P019,1,24236,5686.08
O0099,12-06-2024,C006,P001,1,9101,2054.91
O0100,23-07-2024,C050,P019,3,72708,17173.84
O0101,15-03-2024,C021,P005,1,55950,4620.39
O0102,10-05-2024,C086,P018,1,8362,1471.77
O0103,04-06-2024,C017,P003,4,34504,6585.65
O0104,07-03-2024,C002,P002,5,55780,5039.43
O0105,07-04-2024,C006,P009,1,54937,8434.3
O0106,17-12-2024,C004,P016,2,108768,22469.77
O0107,17-05-2024,C025,P015,4,44940,6114.84
O0108,29-10-2024,C034,P008,2,18788,1695.27
O0109,13-10-2024,C023,P012,4,24100,4408.13
O0110,07-10-2024,C082,P017,1,25608,5988.64
O0111,01-10-2024,C053,P018,2,16724,3361.19
O0112,07-02-2024,C055,P003,3,25878,5340.14
O0113,14-04-2024,C033,P006,1,6747,712.97
O0114,19-09-2024,C055,P002,1,11156,2100.8
O0115,09-06-2024,C061,P017,3,76824,7442.55
O0116,06-12-2024,C006,P005,5,279750,23958.25
O0117,25-09-2024,C017,P013,4,35492,2987.91
O0118,13-02-2024,C035,P003,3,25878,5591.38
O0119,13-05-2024,C039,P002,4,44624,4011.15
O0120,29-02-2024,C041,P005,3,167850,36100.72
O0121,05-05-2024,C087,P010,1,6220,946.82
O0122,22-06-2024,C065,P018,2,16724,2276.44
O0123,07-03-2024,C066,P013,5,44365,7178.08
O0124,24-10-2024,C084,P015,5,56175,13929.44
O0125,29-05-2024,C090,P017,5,128040,10902.05
O0126,23-09-2024,C096,P006,2,13494,1929.1
O0127,21-10-2024,C042,P004,4,100636,13959.67
O0128,29-11-2024,C009,P002,3,33468,7314.14
O0129,29-06-2024,C069,P011,4,222780,29120.59
O0130,26-09-2024,C035,P011,5,278475,45998.41
O0131,15-06-2024,C016,P005,3,167850,39520.46
O0132,23-05-2024,C042,P019,1,24236,3800.41
O0133,13-07-2024,C062,P015,3,33705,8011.51
O0134,25-09-2024,C011,P019,1,24236,2493.37
O0135,25-12-2024,C063,P019,3,72708,15506.53
O0136,25-11-2024,C074,P011,3,167085,41504.37
O0137,23-06-2024,C048,P013,3,26619,4231.81
O0138,08-05-2024,C069,P017,2,51216,4350.4
O0139,27-02-2024,C088,P008,5,46970,4822.85
O0140,20-02-2024,C024,P014,5,270935,23982.59
O0141,04-02-2024,C070,P009,1,54937,6303.39
O0142,07-02-2024,C081,P019,5,121180,22900.05
O0143,12-01-2024,C028,P006,5,33735,7641.38
O0144,25-05-2024,C076,P012,4,24100,4838.01
O0145,30-04-2024,C029,P007,5,35775,5864.05
O0146,06-04-2024,C055,P015,3,33705,5816.17
O0147,05-01-2024,C062,P003,3,25878,3862.1
O0148,06-09-2024,C096,P018,4,33448,5600.14
O0149,23-10-2024,C010,P013,5,44365,10206.54
O0150,22-08-2024,C075,P014,1,54187,7575.91
O0151,24-11-2024,C001,P007,3,21465,4256.92
O0152,19-09-2024,C001,P018,1,8362,1837.27
O0153,09-10-2024,C096,P011,5,278475,52815.05
O0154,22-09-2024,C037,P017,4,102432,17633.35
O0155,03-06-2024,C053,P020,5,56710,7503.82
O0156,08-10-2024,C017,P017,4,102432,18403.5
O0157,05-08-2024,C099,P006,3,20241,3810.02
O0158,24-07-2024,C095,P019,1,24236,3456.58
O0159,03-01-2024,C037,P001,1,9101,2159.47
O0160,09-07-2024,C050,P009,4,219748,27739.4
O0161,29-02-2024,C082,P016,3,163152,23826.39
O0162,10-01-2024,C062,P012,2,12050,1814.53
O0163,28-10-2024,C023,P009,3,164811,37220.96
O0164,27-05-2024,C037,P014,3,162561,38956
O0165,05-09-2024,C095,P014,3,162561,24984.89
O0166,16-02-2024,C028,P016,4,217536,43888.02
O0167,27-04-2024,C009,P005,2,111900,27338.01
O0168,02-09-2024,C094,P001,1,9101,1119.86
O0169,05-04-2024,C100,P004,4,100636,19165.35
O0170,27-01-2024,C001,P003,4,34504,6349.48
O0171,25-01-2024,C071,P007,5,35775,5427.76
O0172,09-12-2024,C084,P004,5,125795,24585.57
O0173,01-04-2024,C095,P004,3,75477,14821.74
O0174,14-02-2024,C062,P002,2,22312,4352.12
O0175,17-09-2024,C050,P004,4,100636,13084.91
O0176,02-09-2024,C064,P013,1,8873,1624.1
O0177,25-12-2024,C014,P005,4,223800,41250.39
O0178,01-10-2024,C026,P006,5,33735,4176.18
O0179,15-11-2024,C037,P016,5,271920,63960.16
O0180,02-12-2024,C044,P016,1,54384,4429.88
O0181,13-08-2024,C045,P009,1,54937,9443.18
O0182,18-05-2024,C039,P004,2,50318,8371.02
O0183,11-05-2024,C091,P008,4,37576,3953.64
O0184,30-01-2024,C025,P014,5,270935,50693.14
O0185,30-07-2024,C069,P020,5,56710,5971.86
O0186,16-05-2024,C035,P009,4,219748,43558.86
O0187,28-08-2024,C063,P007,4,28620,4078.53
O0188,02-04-2024,C031,P011,2,111390,20381.53
O0189,30-01-2024,C095,P019,4,96944,16568.67
O0190,26-11-2024,C065,P011,5,278475,54948.2
O0191,02-09-2024,C098,P007,3,21465,3988.91
O0192,23-12-2024,C043,P004,2,50318,11615.07
O0193,25-12-2024,C033,P008,1,9394,1766.02
O0194,25-04-2024,C007,P019,2,48472,9520.4
O0195,06-06-2024,C073,P007,5,35775,6313.85
O0196,05-06-2024,C055,P011,1,55695,11781.95
O0197,23-05-2024,C079,P008,1,9394,1938.16
O0198,22-09-2024,C088,P011,3,167085,30441.82
O0199,12-03-2024,C049,P001,1,9101,1238.39
O0200,22-01-2024,C015,P009,2,109874,21513.82
O0201,22-02-2024,C045,P003,1,8626,1753.13
O0202,26-01-2024,C039,P011,2,111390,14011.46
O0203,23-07-2024,C047,P001,1,9101,943.19
O0204,20-05-2024,C048,P008,1,9394,1836.9
O0205,27-02-2024,C002,P017,3,76824,18669.9
O0206,18-05-2024,C046,P005,5,279750,66476.96
O0207,27-09-2024,C052,P003,5,43130,8000.97
O0208,20-07-2024,C061,P019,4,96944,16585.13
O0209,28-01-2024,C039,P008,3,28182,4885.38
O0210,20-04-2024,C077,P017,1,25608,2811.12
O0211,02-10-2024,C056,P009,5,274685,22908.08
O0212,25-07-2024,C035,P017,3,76824,12326.39
O0213,05-10-2024,C091,P004,3,75477,6924.46
O0214,16-09-2024,C047,P018,5,41810,9342.41
O0215,16-08-2024,C088,P019,1,24236,4489.42
O0216,23-10-2024,C088,P005,2,111900,10366.3
O0217,20-06-2024,C019,P007,4,28620,6384.27
O0218,14-07-2024,C047,P010,2,12440,1324.27
O0219,15-03-2024,C057,P013,1,8873,2183.11
O0220,02-10-2024,C035,P010,5,31100,7527.1
O0221,21-02-2024,C002,P005,4,223800,46323.93
O0222,04-08-2024,C059,P001,4,36404,6616.61
O0223,24-08-2024,C036,P012,4,24100,3591.93
O0224,26-11-2024,C007,P004,4,100636,21380.5
O0225,27-10-2024,C091,P001,1,9101,2014.96
O0226,09-10-2024,C018,P017,5,128040,26855.69
O0227,23-12-2024,C035,P019,3,72708,15730.72
O0228,02-07-2024,C032,P020,2,22684,2221.71
O0229,09-06-2024,C021,P004,1,25159,5931.94
O0230,29-01-2024,C055,P012,3,18075,3466.5
O0231,30-05-2024,C079,P014,4,216748,31205.55
O0232,01-05-2024,C097,P011,4,222780,48052
O0233,23-06-2024,C082,P020,5,56710,5928.66
O0234,25-11-2024,C087,P004,5,125795,13746.11
O0235,03-03-2024,C081,P016,3,163152,34061.37
O0236,15-07-2024,C075,P001,4,36404,8465.46
O0237,21-02-2024,C081,P006,4,26988,5446.73
O0238,12-12-2024,C032,P011,3,167085,32017.6
O0239,05-12-2024,C060,P016,3,163152,26715.53
O0240,04-10-2024,C093,P007,4,28620,4433.32
O0241,05-03-2024,C016,P019,4,96944,23029.15
O0242,14-01-2024,C020,P001,4,36404,5478.25
O0243,12-07-2024,C084,P003,2,17252,2725.74
O0244,19-03-2024,C086,P017,3,76824,18134.53
O0245,22-07-2024,C068,P004,3,75477,6279.22
O0246,03-01-2024,C082,P008,5,46970,9311.16
O0247,05-12-2024,C070,P008,4,37576,8801.5
O0248,01-10-2024,C023,P011,2,111390,10351.44
O0249,12-01-2024,C072,P006,2,13494,1941.33
O0250,21-01-2024,C066,P007,4,28620,3436.19
O0251,30-11-2024,C067,P007,5,35775,7062.14
O0252,26-08-2024,C069,P003,2,17252,2547.91
O0253,13-10-2024,C016,P019,1,24236,3533.31
O0254,02-05-2024,C013,P016,1,54384,13393.47
O0255,08-06-2024,C100,P001,1,9101,2206.03
O0256,09-03-2024,C060,P009,4,219748,23807.21
O0257,13-09-2024,C072,P011,5,278475,52410.49
O0258,23-12-2024,C054,P018,2,16724,3324.9
O0259,03-07-2024,C050,P007,4,28620,6264.24
O0260,30-03-2024,C020,P009,5,274685,35025.91
O0261,21-06-2024,C100,P020,1,11342,2316.9
O0262,15-07-2024,C019,P009,3,164811,20253.06
O0263,07-03-2024,C036,P019,4,96944,7977.48
O0264,23-10-2024,C033,P008,2,18788,1728.09
O0265,02-05-2024,C069,P020,2,22684,3908.73
O0266,30-12-2024,C074,P005,5,279750,44280.41
O0267,07-12-2024,C026,P003,1,8626,914.56
O0268,15-12-2024,C008,P001,4,36404,5280.29
O0269,02-10-2024,C018,P019,5,121180,12355.5
O0270,12-03-2024,C070,P003,2,17252,3872.84
O0271,01-04-2024,C037,P007,4,28620,4025.87
O0272,01-10-2024,C029,P010,2,12440,1730.56
O0273,16-04-2024,C038,P003,5,43130,9516.64
O0274,14-11-2024,C091,P015,1,11235,1453.25
O0275,15-08-2024,C076,P004,5,125795,18032.4
O0276,10-06-2024,C033,P020,1,11342,1007.75
O0277,10-08-2024,C021,P005,1,55950,5546.21
O0278,15-09-2024,C082,P019,2,48472,10014.01
O0279,28-12-2024,C065,P013,1,8873,2085.72
O0280,23-10-2024,C028,P013,5,44365,4559.49
O0281,15-10-2024,C033,P001,1,9101,1979.15
O0282,17-05-2024,C049,P016,5,271920,50117.28
O0283,29-07-2024,C005,P006,5,33735,5582.72
O0284,20-02-2024,C036,P014,4,216748,27361.52
O0285,20-08-2024,C086,P005,2,111900,19595.61
O0286,02-10-2024,C097,P002,4,44624,5195.9
O0287,22-01-2024,C044,P008,1,9394,874.67
O0288,31-10-2024,C055,P015,2,22470,5452.76
O0289,03-07-2024,C065,P007,5,35775,5202.28
O0290,27-10-2024,C026,P008,3,28182,5410.04
O0291,22-08-2024,C097,P003,3,25878,6055.43
O0292,26-05-2024,C006,P020,2,22684,5251.74
O0293,16-10-2024,C061,P002,5,55780,9213.64
O0294,20-10-2024,C051,P003,4,34504,7433.33
O0295,29-06-2024,C083,P010,4,24880,3123.58
O0296,01-09-2024,C061,P002,5,55780,13448.6
O0297,11-06-2024,C003,P014,3,162561,29273.33
O0298,22-05-2024,C020,P020,5,56710,9894.58
O0299,23-09-2024,C009,P020,3,34026,5123.37
O0300,20-10-2024,C004,P019,5,121180,12032.77
O0301,21-06-2024,C068,P001,1,9101,2123.95
O0302,25-10-2024,C048,P018,1,8362,1575.14
O0303,16-08-2024,C010,P016,1,54384,12182.79
O0304,23-03-2024,C043,P017,5,128040,10317.34
O0305,24-10-2024,C042,P012,2,12050,1263.38
O0306,17-09-2024,C019,P019,1,24236,3603.31
O0307,07-11-2024,C054,P012,3,18075,4063.58
O0308,06-05-2024,C048,P002,1,11156,2348.15
O0309,12-11-2024,C034,P013,5,44365,5690.06
O0310,16-05-2024,C011,P003,2,17252,4032.62
O0311,24-11-2024,C053,P003,2,17252,2208.48
O0312,02-09-2024,C034,P008,2,18788,1818.69
O0313,14-04-2024,C007,P017,3,76824,16429.42
O0314,31-05-2024,C070,P003,5,43130,5763.37
O0315,05-07-2024,C067,P005,1,55950,8682.22
O0316,01-08-2024,C096,P002,1,11156,2768.67
O0317,28-10-2024,C096,P006,5,33735,2931.79
O0318,11-04-2024,C090,P017,4,102432,11405.09
O0319,27-10-2024,C030,P004,5,125795,12844.64
O0320,29-01-2024,C065,P004,3,75477,11919.08
O0321,10-11-2024,C047,P015,3,33705,8008.31
O0322,21-11-2024,C093,P012,2,12050,2860.12
O0323,09-05-2024,C002,P001,4,36404,3111.99
O0324,13-02-2024,C071,P002,1,11156,1328.85
O0325,12-04-2024,C068,P006,1,6747,1624.64
O0326,16-09-2024,C027,P015,3,33705,4088.87
O0327,07-02-2024,C048,P011,4,222780,53591.12
O0328,15-11-2024,C025,P020,2,22684,2537.87
O0329,05-07-2024,C039,P019,4,96944,17868.98
O0330,03-12-2024,C003,P016,1,54384,12949.16
O0331,09-08-2024,C081,P019,5,121180,29310.24
O0332,27-11-2024,C091,P019,3,72708,10005.45
O0333,07-11-2024,C054,P007,5,35775,7753.09
O0334,03-11-2024,C073,P018,5,41810,9422.76
O0335,25-03-2024,C088,P019,4,96944,17705.16
O0336,21-07-2024,C035,P017,3,76824,13504.58
O0337,08-01-2024,C078,P018,3,25086,3096
O0338,01-07-2024,C078,P002,4,44624,7040.83
O0339,31-08-2024,C030,P017,4,102432,11836.54
O0340,28-01-2024,C043,P005,4,223800,50712.22
O0341,05-01-2024,C083,P004,3,75477,17220.85
O0342,08-01-2024,C033,P018,1,8362,1104.58
O0343,26-01-2024,C042,P011,3,167085,30102.3
O0344,26-11-2024,C027,P003,3,25878,2597.65
O0345,07-11-2024,C009,P005,3,167850,40806.22
O0346,24-12-2024,C044,P008,1,9394,2288.44
O0347,24-11-2024,C089,P006,5,33735,6999.1
O0348,26-09-2024,C047,P010,3,18660,2691.94
O0349,28-04-2024,C060,P003,2,17252,2575.91
O0350,24-04-2024,C078,P002,5,55780,6745.42
O0351,18-03-2024,C032,P013,4,35492,4107.32
O0352,26-12-2024,C093,P010,3,18660,1497.44
O0353,11-12-2024,C088,P010,4,24880,4096.36
O0354,24-06-2024,C019,P001,3,27303,4212.54
O0355,27-02-2024,C066,P016,3,163152,39097.66
O0356,07-08-2024,C075,P010,5,31100,5991.54
O0357,28-02-2024,C002,P010,1,6220,1172.96
O0358,15-05-2024,C065,P008,5,46970,9729.56
O0359,01-11-2024,C056,P012,2,12050,1075.05
O0360,29-05-2024,C066,P017,5,128040,13792.58
O0361,01-02-2024,C007,P003,2,17252,1389.46
O0362,18-01-2024,C055,P001,1,9101,813.2
O0363,09-11-2024,C069,P011,3,167085,35668.53
O0364,16-05-2024,C002,P018,2,16724,2671.21
O0365,29-04-2024,C038,P019,5,121180,20437.95
O0366,02-05-2024,C024,P007,4,28620,6605.21
O0367,27-07-2024,C072,P015,1,11235,1531.77
O0368,23-11-2024,C016,P001,5,45505,5071.9
O0369,04-06-2024,C012,P006,2,13494,1595.42
O0370,15-03-2024,C013,P002,3,33468,7673.17
O0371,26-05-2024,C009,P015,2,22470,2679.76
O0372,12-04-2024,C045,P002,5,55780,5308.88
O0373,28-01-2024,C030,P006,1,6747,605.65
O0374,22-04-2024,C096,P004,1,25159,6087.17
O0375,07-05-2024,C037,P009,5,274685,41720.12
O0376,15-06-2024,C093,P002,3,33468,7029.74
O0377,03-12-2024,C045,P012,4,24100,5059.94
O0378,05-05-2024,C079,P013,4,35492,3378.64
O0379,28-02-2024,C063,P011,2,111390,20366.27
O0380,29-09-2024,C031,P003,4,34504,7954.18
O0381,05-07-2024,C039,P011,3,167085,24991.51
O0382,18-09-2024,C046,P011,4,222780,54108.23
O0383,03-06-2024,C003,P012,2,12050,1583.52
O0384,17-03-2024,C073,P005,5,279750,56212.21
O0385,10-02-2024,C022,P015,2,22470,2314.02
O0386,10-06-2024,C079,P009,2,109874,15438.61
O0387,07-08-2024,C022,P009,4,219748,29150.86
O0388,25-02-2024,C020,P018,3,25086,5786.82
O0389,02-09-2024,C020,P011,1,55695,10942.3
O0390,08-04-2024,C069,P002,1,11156,2269.63
O0391,30-06-2024,C084,P012,3,18075,3006.18
O0392,04-04-2024,C065,P012,3,18075,3456.16
O0393,30-12-2024,C049,P002,3,33468,7714.13
O0394,04-06-2024,C027,P002,2,22312,4962.55
O0395,26-01-2024,C042,P019,4,96944,11782.39
O0396,19-02-2024,C030,P010,5,31100,2524.09
O0397,16-05-2024,C018,P008,3,28182,4679.53
O0398,20-10-2024,C019,P006,2,13494,1252.48
O0399,04-10-2024,C066,P017,5,128040,23309.1
O0400,03-04-2024,C056,P015,5,56175,9381.08
O0401,07-02-2024,C066,P012,2,12050,1851.21
O0402,09-03-2024,C036,P007,2,14310,3000.94
O0403,04-07-2024,C099,P007,1,7155,771.39
O0404,01-05-2024,C024,P002,3,33468,3146.6
O0405,01-12-2024,C087,P007,1,7155,1109.12
O0406,19-12-2024,C026,P020,3,34026,3676.53
O0407,02-09-2024,C086,P001,2,18202,2434.25
O0408,12-09-2024,C071,P002,1,11156,2510.72
O0409,18-09-2024,C072,P012,2,12050,1964.06
O0410,20-10-2024,C041,P019,3,72708,13295.95
O0411,06-02-2024,C012,P016,3,163152,24577.66
O0412,02-04-2024,C034,P003,3,25878,2154.04
O0413,09-05-2024,C042,P008,3,28182,3512.17
O0414,30-05-2024,C040,P016,4,217536,52564.8
O0415,08-08-2024,C021,P010,1,6220,620.05
O0416,30-11-2024,C079,P007,3,21465,3017.95
O0417,07-11-2024,C093,P019,4,96944,17248.8
O0418,18-02-2024,C033,P006,3,20241,2110.71
O0419,22-12-2024,C051,P012,5,30125,6222.59
O0420,03-09-2024,C025,P013,4,35492,3744.7
O0421,06-05-2024,C090,P008,1,9394,1918
O0422,29-08-2024,C011,P003,1,8626,1451.67
O0423,28-03-2024,C073,P016,3,163152,38486.77
O0424,09-10-2024,C073,P016,4,217536,17892
O0425,28-10-2024,C093,P018,4,33448,3616.32
O0426,12-08-2024,C048,P002,3,33468,7352.03
O0427,14-08-2024,C031,P018,3,25086,5637.45
O0428,14-08-2024,C098,P012,2,12050,1294.58
O0429,29-03-2024,C006,P012,5,30125,4136.89
O0430,29-04-2024,C073,P016,4,217536,17712.68
O0431,17-09-2024,C079,P002,4,44624,8534.48
O0432,14-05-2024,C027,P013,4,35492,3583.56
O0433,12-11-2024,C018,P006,3,20241,2072.25
O0434,06-08-2024,C068,P010,2,12440,2167.62
O0435,27-03-2024,C060,P015,5,56175,9766.65
O0436,30-10-2024,C067,P020,5,56710,13745.3
O0437,23-06-2024,C027,P010,2,12440,2437.96
O0438,19-09-2024,C016,P014,4,216748,43619.79
O0439,18-08-2024,C095,P006,5,33735,7788.28
O0440,28-01-2024,C069,P015,3,33705,7482.56
O0441,11-03-2024,C011,P004,1,25159,4314.8
O0442,24-09-2024,C057,P013,2,17746,2852.76
O0443,29-10-2024,C076,P002,5,55780,6301.25
O0444,27-06-2024,C058,P016,4,217536,28154.41
O0445,15-01-2024,C100,P006,5,33735,4266.07
O0446,08-10-2024,C072,P002,1,11156,2742.36
O0447,22-02-2024,C030,P015,3,33705,5226.69
O0448,28-07-2024,C050,P002,4,44624,5680.36
O0449,24-07-2024,C060,P011,5,278475,26824.08
O0450,01-09-2024,C070,P014,5,270935,55802.24
O0451,11-03-2024,C065,P005,3,167850,17592.75
O0452,20-04-2024,C079,P007,2,14310,3059.52
O0453,05-08-2024,C059,P005,1,55950,11126.08
O0454,13-10-2024,C007,P015,2,22470,5576.85
O0455,06-09-2024,C042,P009,4,219748,18108.92
O0456,04-06-2024,C092,P015,3,33705,6941.06
O0457,28-05-2024,C083,P019,4,96944,12916.32
O0458,19-03-2024,C023,P004,4,100636,11125.51
O0459,12-06-2024,C059,P004,5,125795,12702.21
O0460,23-06-2024,C041,P016,5,271920,64967.6
O0461,24-08-2024,C093,P019,3,72708,12767.66
O0462,21-04-2024,C042,P016,4,217536,47865.89
O0463,31-10-2024,C022,P008,5,46970,5355.86
O0464,01-02-2024,C032,P002,3,33468,7828.2
O0465,04-07-2024,C043,P014,1,54187,7506.42
O0466,27-05-2024,C077,P020,4,45368,5242.2
O0467,15-07-2024,C029,P011,4,222780,55523.29
O0468,28-06-2024,C086,P006,1,6747,985.59
O0469,09-11-2024,C078,P020,2,22684,2716.72
O0470,30-05-2024,C041,P013,2,17746,3563.89
O0471,17-02-2024,C013,P014,1,54187,11780.77
O0472,01-04-2024,C053,P005,1,55950,9551.47
O0473,15-06-2024,C097,P011,2,111390,16023.49
O0474,16-04-2024,C070,P017,3,76824,18451.22
O0475,23-03-2024,C025,P006,2,13494,3304.75
O0476,07-03-2024,C019,P004,4,100636,18058.28
O0477,25-12-2024,C056,P005,3,167850,30739.87
O0478,02-07-2024,C088,P011,5,278475,28767.86
O0479,11-09-2024,C100,P006,2,13494,1618.65
O0480,15-02-2024,C076,P016,1,54384,12880.53
O0481,14-03-2024,C018,P018,4,33448,5887.44
O0482,27-06-2024,C027,P012,2,12050,1537.68
O0483,24-08-2024,C009,P013,4,35492,3019.34
O0484,03-01-2024,C026,P008,2,18788,3704.25
O0485,22-09-2024,C093,P010,1,6220,779.9
O0486,26-02-2024,C025,P003,1,8626,1882.89
O0487,22-10-2024,C052,P011,1,55695,8672.57
O0488,09-07-2024,C067,P016,3,163152,17010.54
O0489,07-07-2024,C083,P012,4,24100,3613.45
O0490,01-05-2024,C071,P007,2,14310,1303.64
O0491,21-08-2024,C031,P001,2,18202,3527.7
O0492,29-03-2024,C079,P015,5,56175,5404.8
O0493,22-05-2024,C068,P001,1,9101,1393.65
O0494,04-12-2024,C054,P005,2,111900,22176.86
O0495,25-01-2024,C048,P014,3,162561,29170.65
O0496,24-09-2024,C065,P015,2,22470,4428.51
O0497,05-05-2024,C047,P019,1,24236,3378.25
O0498,10-01-2024,C082,P004,4,100636,24318
O0499,29-08-2024,C047,P005,2,111900,14434.72
O0500,28-10-2024,C082,P001,4,36404,3327.81
O0501,13-09-2024,C056,P003,4,34504,5951.83
O0502,27-12-2024,C013,P005,5,279750,62710.87
O0503,03-05-2024,C051,P020,5,56710,13710.03
O0504,11-06-2024,C067,P013,4,35492,7862.55
O0505,08-11-2024,C057,P004,1,25159,2913.81
O0506,24-02-2024,C090,P012,1,6025,580.51
O0507,19-09-2024,C026,P004,5,125795,11934.96
O0508,09-11-2024,C056,P008,1,9394,1242.39
O0509,19-07-2024,C008,P019,4,96944,16992.54
O0510,13-11-2024,C081,P002,5,55780,4737.21
O0511,13-06-2024,C062,P015,2,22470,2823.69
O0512,17-05-2024,C100,P016,4,217536,37151.37
O0513,26-10-2024,C066,P006,4,26988,4249.06
O0514,03-12-2024,C076,P006,3,20241,3374.06
O0515,01-09-2024,C051,P014,5,270935,49166.08
O0516,16-03-2024,C097,P008,3,28182,2336.52
O0517,07-06-2024,C064,P004,3,75477,9363.63
O0518,11-03-2024,C070,P010,2,12440,1221.13
O0519,18-10-2024,C059,P002,4,44624,7132.82
O0520,08-01-2024,C042,P018,3,25086,2540.5
O0521,03-02-2024,C069,P007,3,21465,3988.78
O0522,13-09-2024,C060,P010,1,6220,1181.31
O0523,20-02-2024,C089,P001,5,45505,6745.88
O0524,22-12-2024,C088,P011,5,278475,51617.87
O0525,12-09-2024,C089,P019,4,96944,9263.67
O0526,23-01-2024,C068,P011,5,278475,63643.37
O0527,22-01-2024,C025,P006,1,6747,1247.61
O0528,12-04-2024,C016,P018,5,41810,5513.42
O0529,21-04-2024,C021,P018,2,16724,1985.95
O0530,15-10-2024,C012,P017,3,76824,17876.52
O0531,22-10-2024,C056,P009,5,274685,28264.65
O0532,12-01-2024,C032,P003,5,43130,5392.33
O0533,04-08-2024,C056,P020,3,34026,7601
O0534,13-12-2024,C056,P003,2,17252,2010.09
O0535,30-06-2024,C005,P014,4,216748,30412.58
O0536,27-04-2024,C066,P005,2,111900,23964.69
O0537,13-06-2024,C008,P012,1,6025,1370.7
O0538,26-12-2024,C028,P008,3,28182,2997.11
O0539,09-11-2024,C067,P013,1,8873,1430.26
O0540,25-12-2024,C001,P016,3,163152,20333.04
O0541,13-07-2024,C038,P007,2,14310,2822.27
O0542,13-01-2024,C085,P002,4,44624,7037.22
O0543,31-05-2024,C017,P008,4,37576,7129.06
O0544,19-06-2024,C090,P020,4,45368,5178.92
O0545,29-02-2024,C013,P008,2,18788,3073.44
O0546,31-10-2024,C023,P016,3,163152,32656.73
O0547,03-08-2024,C082,P020,4,45368,6717
O0548,13-03-2024,C097,P001,4,36404,8762.79
O0549,11-11-2024,C055,P005,1,55950,7257.92
O0550,02-09-2024,C056,P004,2,50318,9142.6
O0551,24-02-2024,C077,P014,3,162561,27063.62
O0552,12-05-2024,C042,P005,5,279750,56345.63
O0553,19-02-2024,C087,P001,5,45505,8754.1
O0554,18-02-2024,C099,P012,4,24100,3013.37
O0555,13-07-2024,C037,P005,1,55950,8340.91
O0556,13-10-2024,C004,P016,5,271920,54980.16
O0557,11-07-2024,C051,P016,2,108768,18120.35
O0558,10-12-2024,C008,P014,5,270935,25545.69
O0559,21-01-2024,C006,P015,1,11235,1459.57
O0560,24-01-2024,C045,P002,1,11156,1031.34
O0561,02-10-2024,C075,P010,3,18660,2469.46
O0562,28-03-2024,C061,P020,3,34026,7641.36
O0563,04-11-2024,C081,P012,5,30125,3689.84
O0564,05-06-2024,C030,P008,2,18788,2495.68
O0565,02-12-2024,C069,P011,3,167085,30063.21
O0566,03-05-2024,C062,P009,2,109874,11546
O0567,11-03-2024,C021,P003,3,25878,3824.25
O0568,16-07-2024,C022,P018,5,41810,3870.91
O0569,20-04-2024,C091,P007,2,14310,1238.9
O0570,22-11-2024,C052,P004,3,75477,15942.43
O0571,05-02-2024,C038,P017,4,102432,14054.13
O0572,11-10-2024,C010,P008,1,9394,1587.67
O0573,22-08-2024,C059,P001,5,45505,11012.35
O0574,04-05-2024,C056,P018,1,8362,942.19
O0575,06-06-2024,C040,P007,5,35775,6550.3
O0576,15-01-2024,C034,P012,3,18075,2329.39
O0577,10-06-2024,C002,P015,1,11235,1292.79
O0578,26-02-2024,C058,P010,1,6220,758.39
O0579,10-03-2024,C025,P001,2,18202,3425.56
O0580,15-01-2024,C080,P020,1,11342,1756.18
O0581,29-09-2024,C072,P008,4,37576,4110.31
O0582,11-03-2024,C002,P008,2,18788,1703.32
O0583,13-05-2024,C042,P019,1,24236,4070.86
O0584,29-06-2024,C025,P013,1,8873,1530.09
O0585,28-09-2024,C034,P018,4,33448,7644.22
O0586,02-04-2024,C068,P018,4,33448,4261.97
O0587,12-11-2024,C098,P016,5,271920,39965.61
O0588,11-06-2024,C027,P017,1,25608,4300.09
O0589,28-07-2024,C019,P008,3,28182,4156.07
O0590,03-02-2024,C094,P019,4,96944,21466.3
O0591,06-10-2024,C089,P002,2,22312,3891.5
O0592,21-04-2024,C050,P018,3,25086,4530.93
O0593,22-09-2024,C025,P010,4,24880,6039.5
O0594,23-09-2024,C003,P019,3,72708,8173.95
O0595,17-04-2024,C095,P018,2,16724,1991.52
O0596,25-07-2024,C062,P006,1,6747,1294.34
O0597,21-01-2024,C037,P001,2,18202,3934.31
O0598,30-03-2024,C091,P019,4,96944,15581.79
O0599,25-02-2024,C028,P019,4,96944,21143.31
O0600,22-06-2024,C085,P013,2,17746,1611.09
O0601,07-07-2024,C065,P016,4,217536,36345.04
O0602,14-08-2024,C056,P019,2,48472,10854.15
O0603,16-10-2024,C034,P013,3,26619,3877.47
O0604,02-04-2024,C030,P013,5,44365,10075.41
O0605,02-08-2024,C088,P020,3,34026,3159.93
O0606,23-08-2024,C076,P016,1,54384,13394.56
O0607,16-02-2024,C015,P008,4,37576,5249.16
O0608,25-09-2024,C043,P002,3,33468,7471.4
O0609,26-03-2024,C099,P020,3,34026,3472.86
O0610,07-09-2024,C056,P010,4,24880,5076.07
O0611,10-05-2024,C096,P013,1,8873,2158.55
O0612,13-02-2024,C016,P010,3,18660,1571.48
O0613,11-02-2024,C042,P017,2,51216,6003.26
O0614,19-08-2024,C022,P015,3,33705,4981.89
O0615,15-10-2024,C087,P016,1,54384,9552.98
O0616,19-01-2024,C011,P002,1,11156,928.03
O0617,12-11-2024,C035,P010,2,12440,2132.14
O0618,24-06-2024,C092,P011,1,55695,8760.98
O0619,30-12-2024,C031,P008,3,28182,5776
O0620,20-07-2024,C008,P001,4,36404,6081.31
O0621,21-01-2024,C020,P006,2,13494,1266.05
O0622,13-11-2024,C023,P011,1,55695,8755.87
O0623,23-04-2024,C068,P006,1,6747,1500.39
O0624,21-01-2024,C033,P017,4,102432,11483.22
O0625,06-08-2024,C078,P013,4,35492,5243.4
O0626,13-01-2024,C035,P015,3,33705,5932.43
O0627,08-08-2024,C011,P016,4,217536,23393.88
O0628,14-09-2024,C021,P018,5,41810,8871.17
O0629,03-09-2024,C080,P006,3,20241,5028.3
O0630,09-10-2024,C037,P012,4,24100,5492.87
O0631,05-10-2024,C049,P010,2,12440,1754.06
O0632,02-12-2024,C092,P017,2,51216,6402.23
O0633,28-10-2024,C010,P009,4,219748,23573.88
O0634,04-09-2024,C033,P016,1,54384,5823.97
O0635,30-01-2024,C015,P008,2,18788,1863.73
O0636,01-12-2024,C023,P003,1,8626,1377
O0637,27-09-2024,C060,P001,1,9101,1148.05
O0638,26-02-2024,C061,P007,3,21465,3890.19
O0639,18-07-2024,C044,P011,4,222780,53284.58
O0640,13-08-2024,C038,P003,2,17252,3777.86
O0641,11-08-2024,C072,P012,4,24100,3695.31
O0642,28-01-2024,C076,P009,2,109874,11607.66
O0643,30-10-2024,C043,P012,4,24100,2203.63
O0644,16-11-2024,C041,P019,2,48472,5075.15
O0645,26-12-2024,C015,P018,2,16724,2694.81
O0646,16-11-2024,C030,P012,5,30125,5111.03
O0647,11-03-2024,C092,P006,2,13494,1765.53
O0648,26-12-2024,C083,P013,4,35492,5790.77
O0649,07-07-2024,C100,P002,5,55780,5175.49
O0650,15-08-2024,C032,P005,2,111900,26256.59
O0651,22-06-2024,C066,P019,3,72708,11083.9
O0652,29-01-2024,C062,P011,1,55695,10062.61
O0653,31-03-2024,C100,P005,5,279750,57708.33
O0654,22-05-2024,C012,P001,1,9101,765.33
O0655,18-09-2024,C025,P015,4,44940,9047.12
O0656,23-02-2024,C035,P009,5,274685,39920.19
O0657,09-06-2024,C091,P013,4,35492,4295.95
O0658,12-07-2024,C018,P020,1,11342,2120.99
O0659,02-12-2024,C082,P002,3,33468,4640.36
O0660,06-01-2024,C003,P020,4,45368,6075.94
O0661,19-07-2024,C098,P018,3,25086,5928.9
O0662,16-08-2024,C089,P002,5,55780,12171.73
O0663,04-03-2024,C088,P004,4,100636,14999.89
O0664,12-10-2024,C073,P001,1,9101,2143.61
O0665,21-01-2024,C077,P014,3,162561,17857.05
O0666,29-07-2024,C019,P010,5,31100,6195
O0667,30-05-2024,C083,P006,5,33735,5389.43
O0668,18-01-2024,C075,P020,3,34026,7009.34
O0669,29-07-2024,C100,P013,5,44365,10640.65
O0670,22-10-2024,C019,P011,2,111390,17493.81
O0671,10-02-2024,C072,P005,5,279750,64922.9
O0672,19-07-2024,C078,P019,5,121180,17788.94
O0673,20-11-2024,C063,P002,3,33468,3585.42
O0674,05-01-2024,C035,P013,3,26619,2694.45
O0675,26-08-2024,C016,P004,4,100636,24247.1
O0676,25-02-2024,C031,P008,1,9394,1110.58
O0677,23-01-2024,C013,P002,5,55780,10697.8
O0678,28-02-2024,C033,P014,2,108374,23687.75
O0679,24-04-2024,C007,P013,5,44365,8256.38
O0680,28-03-2024,C021,P018,5,41810,6822.92
O0681,16-10-2024,C046,P020,4,45368,10005.66
O0682,06-02-2024,C086,P006,3,20241,3443.38
O0683,01-06-2024,C081,P002,1,11156,2425.2
O0684,05-12-2024,C013,P015,1,11235,900.06
O0685,14-11-2024,C007,P009,5,274685,36216.9
O0686,26-11-2024,C098,P009,4,219748,31895.9
O0687,13-01-2024,C029,P010,2,12440,2073.13
O0688,10-12-2024,C047,P015,1,11235,2795.84
O0689,18-04-2024,C020,P009,1,54937,7880.66
O0690,10-11-2024,C043,P020,2,22684,3967.32
O0691,06-03-2024,C001,P008,4,37576,5298.25
O0692,13-08-2024,C053,P011,4,222780,51909.23
O0693,20-09-2024,C015,P009,1,54937,9320.19
O0694,03-05-2024,C041,P007,2,14310,1702.86
O0695,08-09-2024,C049,P012,3,18075,4123.27
O0696,04-09-2024,C099,P017,2,51216,7821.36
O0697,25-02-2024,C012,P017,3,76824,7451.32
O0698,13-08-2024,C055,P013,2,17746,1765.79
O0699,06-07-2024,C067,P007,2,14310,1668.81
O0700,17-10-2024,C091,P011,3,167085,34583.23
O0701,03-09-2024,C097,P005,1,55950,6581.2
O0702,09-01-2024,C100,P020,5,56710,4690.52
O0703,27-04-2024,C023,P007,3,21465,4062.64
O0704,08-07-2024,C010,P014,3,162561,32023.35
O0705,19-07-2024,C097,P007,1,7155,1742.8
O0706,29-07-2024,C044,P019,3,72708,14274.47
O0707,10-11-2024,C044,P019,3,72708,17500.17
O0708,11-08-2024,C036,P012,5,30125,2794.28
O0709,24-05-2024,C029,P020,4,45368,10423.23
O0710,28-01-2024,C092,P001,1,9101,1648.2
O0711,01-10-2024,C022,P020,2,22684,4795.7
O0712,03-01-2024,C057,P010,4,24880,3675.79
O0713,16-04-2024,C009,P013,2,17746,3624.87
O0714,26-11-2024,C061,P013,4,35492,3435.93
O0715,12-10-2024,C022,P016,2,108768,20833.53
O0716,12-03-2024,C100,P002,3,33468,4344.49
O0717,11-08-2024,C033,P017,3,76824,12362.35
O0718,21-01-2024,C043,P017,3,76824,8900.3
O0719,02-06-2024,C040,P017,5,128040,16656.37
O0720,20-06-2024,C034,P006,3,20241,2524.69
O0721,14-08-2024,C020,P009,4,219748,50512.29
O0722,15-07-2024,C085,P016,2,108768,25249.44
O0723,11-06-2024,C006,P003,5,43130,4958.97
O0724,25-02-2024,C007,P017,3,76824,6670.34
O0725,25-06-2024,C080,P011,2,111390,26359.31
O0726,30-12-2024,C031,P020,3,34026,5724.9
O0727,10-01-2024,C031,P017,1,25608,2190.88
O0728,23-05-2024,C084,P015,1,11235,1220.57
O0729,07-08-2024,C086,P020,2,22684,5100.64
O0730,18-07-2024,C038,P006,1,6747,584.37
O0731,26-01-2024,C070,P004,4,100636,12975.76
O0732,06-09-2024,C030,P011,4,222780,40086.69
O0733,15-02-2024,C077,P007,5,35775,5971.96
O0734,30-04-2024,C044,P013,2,17746,3773.64
O0735,02-08-2024,C067,P016,1,54384,11769.6
O0736,01-01-2024,C087,P013,2,17746,2190.92
O0737,02-04-2024,C037,P002,3,33468,7120.32
O0738,05-06-2024,C080,P009,4,219748,43517.04
O0739,10-05-2024,C013,P010,1,6220,1002.21
O0740,23-07-2024,C071,P007,2,14310,1247.33
O0741,02-01-2024,C071,P001,5,45505,7533.67
O0742,23-03-2024,C094,P013,3,26619,2567.6
O0743,25-12-2024,C077,P007,1,7155,785.05
O0744,12-01-2024,C088,P019,4,96944,16502.97
O0745,27-09-2024,C029,P013,1,8873,1723.06
O0746,21-07-2024,C054,P020,2,22684,2020.57
O0747,16-02-2024,C084,P014,2,108374,11602.58
O0748,06-12-2024,C079,P015,5,56175,9692.97
O0749,10-05-2024,C086,P009,2,109874,18259.91
O0750,30-12-2024,C050,P008,3,28182,5222.4
O0751,21-05-2024,C019,P009,3,164811,29390.21
O0752,12-01-2024,C065,P008,2,18788,3218.51
O0753,13-06-2024,C014,P007,3,21465,2332.89
O0754,17-07-2024,C029,P006,1,6747,1237.69
O0755,11-07-2024,C034,P009,2,109874,20654.9
O0756,11-08-2024,C006,P002,2,22312,4514.39
O0757,01-07-2024,C039,P012,4,24100,5118.61
O0758,15-05-2024,C080,P007,3,21465,5055.32
O0759,01-07-2024,C062,P020,2,22684,4842.48
O0760,08-02-2024,C019,P013,1,8873,818.82
O0761,06-06-2024,C100,P016,2,108768,17093.17
O0762,18-12-2024,C006,P009,3,164811,36819.63
O0763,08-08-2024,C087,P020,4,45368,9679.21
O0764,09-04-2024,C055,P012,5,30125,6098.36
O0765,19-02-2024,C095,P014,4,216748,27997.33
O0766,18-10-2024,C011,P006,3,20241,4764.21
O0767,11-07-2024,C055,P013,1,8873,1976.48
O0768,27-04-2024,C007,P014,5,270935,30935.9
O0769,09-03-2024,C089,P016,4,217536,23796.87
O0770,14-06-2024,C029,P020,1,11342,2242.82
O0771,04-09-2024,C065,P015,2,22470,3243.08
O0772,14-12-2024,C073,P006,1,6747,1117.44
O0773,12-10-2024,C032,P005,1,55950,7079.21
O0774,19-04-2024,C002,P001,3,27303,3509.22
O0775,21-03-2024,C007,P010,2,12440,1264.69
O0776,07-03-2024,C076,P014,3,162561,34153.93
O0777,20-04-2024,C010,P007,2,14310,2609.36
O0778,02-02-2024,C051,P018,4,33448,3660.22
O0779,18-03-2024,C064,P008,2,18788,1735.43
O0780,16-03-2024,C032,P007,5,35775,6594.92
O0781,20-10-2024,C071,P009,1,54937,13655.71
O0782,01-04-2024,C048,P003,3,25878,4394.27
O0783,12-10-2024,C085,P019,4,96944,14900.56
O0784,10-10-2024,C074,P018,2,16724,3974.97
O0785,07-07-2024,C076,P004,4,100636,20737.82
O0786,19-06-2024,C029,P015,5,56175,13570.63
O0787,25-01-2024,C086,P019,2,48472,4308.96
O0788,26-08-2024,C048,P020,4,45368,4875.17
O0789,12-04-2024,C074,P012,3,18075,1926.07
O0790,16-04-2024,C070,P016,5,271920,34797.21
O0791,06-12-2024,C017,P020,2,22684,2904.78
O0792,09-12-2024,C012,P008,4,37576,6277.03
O0793,21-11-2024,C039,P016,1,54384,7823.9
O0794,14-11-2024,C090,P002,3,33468,6927.25
O0795,21-08-2024,C027,P014,1,54187,13538.69
O0796,27-03-2024,C042,P014,2,108374,20599.12
O0797,09-01-2024,C065,P002,4,44624,10754.52
O0798,06-08-2024,C066,P016,4,217536,31042.43
O0799,01-05-2024,C004,P020,4,45368,6631.1
O0800,30-11-2024,C067,P001,5,45505,8491.09
O0801,10-03-2024,C026,P011,1,55695,13695.13
O0802,08-05-2024,C057,P006,4,26988,2830.55
O0803,06-02-2024,C065,P013,1,8873,1482.79
O0804,20-01-2024,C090,P013,4,35492,5051.44
O0805,11-04-2024,C068,P014,2,108374,26413.29
O0806,07-12-2024,C022,P008,2,18788,3196.23
O0807,09-11-2024,C044,P010,4,24880,5483.26
O0808,19-04-2024,C074,P017,2,51216,10708.38
O0809,19-01-2024,C037,P004,5,125795,31265.04
O0810,29-11-2024,C080,P011,1,55695,11971.93
O0811,12-03-2024,C023,P015,5,56175,5262.24
O0812,07-12-2024,C070,P002,2,22312,2997.44
O0813,07-04-2024,C096,P012,4,24100,5934
O0814,06-07-2024,C052,P015,1,11235,2538.55
O0815,10-07-2024,C002,P010,2,12440,2231.17
O0816,26-07-2024,C081,P001,1,9101,1417.06
O0817,29-11-2024,C040,P006,3,20241,4147.93
O0818,21-01-2024,C029,P011,3,167085,19383.69
O0819,15-06-2024,C007,P001,2,18202,3316.16
O0820,26-09-2024,C092,P002,3,33468,7215.62
O0821,07-01-2024,C035,P003,2,17252,3967.06
O0822,12-09-2024,C017,P014,3,162561,20465.64
O0823,02-08-2024,C005,P013,1,8873,1170.28
O0824,11-08-2024,C097,P008,2,18788,3157.33
O0825,18-03-2024,C073,P009,1,54937,4449.39
O0826,28-06-2024,C100,P016,2,108768,27174.39
O0827,08-10-2024,C010,P020,2,22684,3962.35
O0828,21-12-2024,C020,P005,4,223800,23186.68
O0829,07-11-2024,C094,P011,2,111390,11363.2
O0830,01-11-2024,C089,P004,2,50318,10657.5
O0831,15-03-2024,C036,P009,3,164811,13392.66
O0832,09-08-2024,C090,P001,1,9101,1963.17
O0833,19-07-2024,C092,P013,3,26619,5227.56
O0834,31-08-2024,C055,P012,4,24100,3361.2
O0835,21-12-2024,C024,P009,1,54937,7304.2
O0836,10-02-2024,C007,P016,1,54384,11598.26
O0837,22-11-2024,C077,P015,1,11235,2763.73
O0838,11-11-2024,C032,P005,4,223800,48520.15
O0839,12-11-2024,C050,P008,5,46970,10561.79
O0840,18-06-2024,C036,P006,2,13494,1450.05
O0841,11-10-2024,C045,P003,1,8626,2057.15
O0842,01-10-2024,C030,P007,3,21465,4619.03
O0843,25-03-2024,C058,P003,4,34504,6113.3
O0844,04-04-2024,C024,P020,1,11342,1590.43
O0845,21-08-2024,C088,P016,5,271920,25417.52
O0846,20-11-2024,C056,P007,1,7155,654.74
O0847,24-10-2024,C033,P011,4,222780,49613.69
O0848,29-11-2024,C042,P014,5,270935,50260.11
O0849,11-09-2024,C010,P007,4,28620,3980.99
O0850,25-04-2024,C045,P004,4,100636,13684.34
O0851,27-12-2024,C039,P014,2,108374,12198.22
O0852,23-10-2024,C066,P020,1,11342,1220.31
O0853,28-10-2024,C040,P002,1,11156,1396.45
O0854,06-05-2024,C015,P006,5,33735,5292.08
O0855,03-07-2024,C060,P014,1,54187,5632.83
O0856,16-10-2024,C065,P010,4,24880,5808.54
O0857,06-09-2024,C056,P005,5,279750,33468.68
O0858,04-04-2024,C009,P019,3,72708,12393.42
O0859,01-05-2024,C008,P007,2,14310,1189.95
O0860,12-10-2024,C031,P017,5,128040,24384.31
O0861,18-09-2024,C054,P006,2,13494,1081.33
O0862,16-02-2024,C069,P002,2,22312,5044.77
O0863,03-07-2024,C004,P005,5,279750,35050.59
O0864,30-07-2024,C043,P005,1,55950,6909.42
O0865,10-12-2024,C046,P020,1,11342,1964.95
O0866,02-06-2024,C059,P002,3,33468,4449.11
O0867,04-09-2024,C087,P013,3,26619,5717.98
O0868,29-11-2024,C038,P004,5,125795,30452.34
O0869,04-03-2024,C002,P004,4,100636,9310.18
O0870,06-02-2024,C081,P001,2,18202,2908.13
O0871,26-05-2024,C028,P011,2,111390,26123.53
O0872,17-09-2024,C060,P015,5,56175,9967.37
O0873,16-01-2024,C027,P015,4,44940,4233.32
O0874,31-05-2024,C010,P010,5,31100,4863.82
O0875,21-07-2024,C054,P006,5,33735,7994.7
O0876,09-09-2024,C049,P015,2,22470,2739.85
O0877,29-06-2024,C002,P010,3,18660,2996.85
O0878,09-12-2024,C097,P004,5,125795,25514.55
O0879,17-07-2024,C097,P004,2,50318,9920.17
O0880,31-03-2024,C028,P014,1,54187,13000.13
O0881,13-03-2024,C098,P013,4,35492,5093.24
O0882,18-04-2024,C009,P017,2,51216,4488.68
O0883,26-08-2024,C098,P017,5,128040,29791.12
O0884,11-01-2024,C084,P010,3,18660,3001.23
O0885,11-12-2024,C091,P015,4,44940,11164.05
O0886,21-04-2024,C075,P012,4,24100,4844.15
O0887,22-10-2024,C099,P009,2,109874,21277.25
O0888,21-05-2024,C061,P009,5,274685,41372.88
O0889,17-08-2024,C057,P003,1,8626,2071.95
O0890,26-04-2024,C088,P010,5,31100,7736.6
O0891,10-05-2024,C066,P011,2,111390,11847.98
O0892,11-12-2024,C091,P008,4,37576,8394.53
O0893,13-02-2024,C055,P013,2,17746,1829.97
O0894,22-04-2024,C022,P015,5,56175,11438.78
O0895,25-05-2024,C038,P020,4,45368,5699.05
O0896,09-12-2024,C020,P004,4,100636,12869.88
O0897,15-12-2024,C039,P014,5,270935,24492.84
O0898,09-08-2024,C020,P004,2,50318,8459.59
O0899,06-06-2024,C015,P002,3,33468,6356.1
O0900,25-05-2024,C005,P010,4,24880,2123.56
O0901,20-05-2024,C072,P007,3,21465,5221.61
O0902,15-02-2024,C022,P010,5,31100,4276.2
O0903,15-07-2024,C090,P002,2,22312,5467.27
O0904,14-01-2024,C042,P011,4,222780,24163.14
O0905,09-11-2024,C097,P009,1,54937,9469.97
O0906,25-08-2024,C073,P001,4,36404,6249.89
O0907,18-07-2024,C099,P001,5,45505,7579.53
O0908,15-07-2024,C014,P004,5,125795,22242.46
O0909,17-01-2024,C012,P016,2,108768,15244.07
O0910,05-01-2024,C053,P016,5,271920,36509.21
O0911,19-11-2024,C017,P016,4,217536,26668.49
O0912,21-09-2024,C066,P004,4,100636,15792.78
O0913,04-08-2024,C038,P003,1,8626,2008.74
O0914,04-07-2024,C020,P012,2,12050,1133.56
O0915,04-12-2024,C015,P019,5,121180,16517.78
O0916,23-03-2024,C013,P007,5,35775,4793.96
O0917,30-05-2024,C043,P003,2,17252,3570.75
O0918,24-08-2024,C072,P019,1,24236,3960.56
O0919,22-11-2024,C065,P015,4,44940,6376.69
O0920,13-03-2024,C068,P016,2,108768,24177.41
O0921,23-11-2024,C001,P006,3,20241,2229.08
O0922,22-08-2024,C020,P007,2,14310,2832
O0923,18-07-2024,C018,P003,4,34504,5730.99
O0924,26-11-2024,C051,P020,4,45368,7826.9
O0925,05-03-2024,C065,P014,4,216748,27661.65
O0926,20-05-2024,C086,P007,4,28620,2460.65
O0927,18-07-2024,C079,P005,4,223800,26180.34
O0928,07-12-2024,C057,P002,3,33468,6705.99
O0929,18-10-2024,C020,P010,5,31100,6584
O0930,03-11-2024,C100,P016,3,163152,17297.99
O0931,09-12-2024,C082,P003,5,43130,6334.79
O0932,07-12-2024,C010,P003,1,8626,1945.49
O0933,01-02-2024,C010,P003,2,17252,2988.48
O0934,05-12-2024,C027,P014,3,162561,31850.74
O0935,30-06-2024,C046,P007,2,14310,2141.65
O0936,14-09-2024,C015,P014,4,216748,47986.07
O0937,03-11-2024,C014,P001,1,9101,957.38
O0938,08-12-2024,C092,P007,2,14310,1310.64
O0939,24-12-2024,C021,P015,5,56175,4720.37
O0940,19-08-2024,C080,P010,3,18660,3995.46
O0941,13-01-2024,C007,P002,3,33468,3584.28
O0942,09-05-2024,C080,P011,1,55695,12452.45
O0943,19-10-2024,C014,P008,3,28182,6013.8
O0944,08-03-2024,C064,P016,2,108768,25751.74
O0945,13-12-2024,C037,P001,2,18202,1943.45
O0946,25-02-2024,C023,P008,5,46970,8683.7
O0947,22-11-2024,C001,P007,5,35775,5085.48
O0948,28-04-2024,C022,P009,1,54937,5148.13
O0949,03-06-2024,C049,P010,5,31100,3205.55
O0950,02-06-2024,C018,P010,5,31100,7686.03
O0951,23-11-2024,C067,P004,2,50318,7789.61
O0952,21-07-2024,C097,P004,1,25159,6136.09
O0953,28-08-2024,C062,P001,3,27303,5405.73
O0954,07-10-2024,C048,P006,2,13494,2174.28
O0955,11-03-2024,C026,P017,5,128040,24214
O0956,25-01-2024,C056,P007,3,21465,3510.11
O0957,22-01-2024,C032,P004,3,75477,6894.4
O0958,18-08-2024,C028,P014,3,162561,33371.15
O0959,30-11-2024,C057,P015,5,56175,11617.82
O0960,14-12-2024,C083,P015,3,33705,2921.14
O0961,25-02-2024,C034,P005,5,279750,58432.36
O0962,03-01-2024,C098,P014,2,108374,14705.47
O0963,15-07-2024,C095,P008,2,18788,4508.54
O0964,10-07-2024,C025,P010,3,18660,3585.34
O0965,05-06-2024,C030,P001,2,18202,3302.28
O0966,20-03-2024,C024,P004,1,25159,3500.83
O0967,21-08-2024,C089,P019,4,96944,21640.06
O0968,01-02-2024,C100,P004,2,50318,9152.79
O0969,12-03-2024,C011,P008,2,18788,2133.13
O0970,12-02-2024,C096,P013,4,35492,6385.09
O0971,20-10-2024,C005,P018,4,33448,7230.69
O0972,17-06-2024,C046,P010,3,18660,3852.83
O0973,19-05-2024,C048,P001,1,9101,1326.6
O0974,08-09-2024,C008,P017,4,102432,13008.63
O0975,14-10-2024,C041,P014,4,216748,38778.36
O0976,24-07-2024,C066,P008,2,18788,3136.74
O0977,27-02-2024,C033,P007,3,21465,2452.15
O0978,09-05-2024,C079,P006,4,26988,4093.65
O0979,25-12-2024,C078,P005,1,55950,6929.97
O0980,05-08-2024,C036,P019,2,48472,7612.02
O0981,13-03-2024,C003,P005,3,167850,27987.9
O0982,10-09-2024,C053,P002,4,44624,7419.27
O0983,30-05-2024,C067,P002,4,44624,4374.08
O0984,06-08-2024,C053,P015,1,11235,2149.44
O0985,29-05-2024,C053,P001,3,27303,4972.79
O0986,05-10-2024,C034,P011,5,278475,23636.58
O0987,24-03-2024,C008,P007,3,21465,4422.05
O0988,14-03-2024,C039,P014,5,270935,57636.69
O0989,23-09-2024,C011,P017,4,102432,24047.33
O0990,17-03-2024,C009,P014,3,162561,38527.47
O0991,24-05-2024,C059,P013,5,44365,6020.96
O0992,10-01-2024,C064,P018,1,8362,1422.15
O0993,22-12-2024,C081,P003,2,17252,3165.76
O0994,30-03-2024,C047,P016,5,271920,28611.73
O0995,08-02-2024,C090,P005,4,223800,46809.18
O0996,08-07-2024,C046,P010,3,18660,3787.35
O0997,07-07-2024,C040,P014,4,216748,34875.48
O0998,08-03-2024,C042,P020,4,45368,4797.97
O0999,21-12-2024,C090,P016,3,163152,30719.81
O1000,25-01-2024,C033,P014,5,270935,43393.36
